País;Mes;Any;Vehicles Comercials Mes;Vehicles Passatgers Mes;Venta Mensual vehicles;Vehicles Mes/1000 hab.;Vehicles Comercials Any;Vehicles Passatgers Any;Venta Anual vehicles;Vehicles Any/1000 hab.;Quantitat.Notícies.Recents
España;Diciembre;2023;15.757;81.772;97.251;2,00;178.370;949.359;1.124.076;23,11;0
España;Noviembre;2023;17.815;78.314;95.749;1,98;177.046;941.497;1.114.902;23,04;0
España;Octubre;2023;17.101;77.892;94.644;1,96;172.095;936.399;1.105.060;22,84;0
España;Septiembre;2023;13.399;68.803;81.569;1,69;168.186;924.474;1.089.368;22,52;0
España;Agosto;2023;11.594;55.954;67.423;1,39;166.709;922.911;1.086.552;22,46;0
España;Julio;2023;15.493;81.202;96.518;1,99;165.572;918.864;1.081.386;22,35;0
España;Junio;2023;17.842;101.085;118.621;2,45;163.208;911.040;1.071.251;22,14;0
España;Mayo;2023;14.534;92.025;106.292;2,21;157.916;899.207;1.054.254;21,94;0
España;Abril;2023;12.836;74.747;87.307;1,82;156.235;892.177;1.045.614;21,76;0
España;Marzo;2023;16.454;99.526;115.525;2,40;154.690;886.542;1.038.495;21,61;0
España;Febrero;2023;13.424;74.001;87.200;1,81;150.116;846.935;994.504;20,70;0
España;Enero;2023;12.121;64.038;75.977;1,58;148.163;835.036;980.721;20,41;0
España;Diciembre;2022;14.433;73.910;88.077;1,83;145.267;813.375;956.187;19,90;0
España;Noviembre;2022;12.864;73.216;85.907;1,80;143.358;825.546;966.535;20,22;0
España;Octubre;2022;13.192;65.967;78.952;1,65;143.249;818.729;959.537;20,08;0
España;Septiembre;2022;11.922;67.240;78.753;1,65;143.089;811.805;952.494;19,93;0
España;Agosto;2022;10.457;51.907;62.257;1,30;143.080;804.206;944.894;19,77;0
España;Julio;2022;13.129;73.378;86.383;1,81;142.001;799.882;939.560;19,66;0
España;Junio;2022;12.550;89.252;101.624;2,13;144.158;810.402;952.211;19,92;0
España;Mayo;2022;12.853;84.995;97.652;2,06;148.766;817.934;964.361;20,31;0
España;Abril;2022;11.291;69.112;80.188;1,69;154.085;828.338;980.163;20,64;0
España;Marzo;2022;11.880;59.919;71.534;1,51;160.445;837.820;996.106;20,98;0
España;Febrero;2022;11.471;62.102;73.417;1,55;168.766;863.718;1.030.491;21,70;0
España;Enero;2022;9.225;42.377;51.443;1,08;172.260;859.893;1.030.173;21,69;0
España;Diciembre;2021;12.524;86.081;98.425;2,07;174.578;859.482;1.032.107;21,73;0
España;Noviembre;2021;12.755;66.399;78.909;1,67;180.437;879.241;1.057.623;22,33;0
España;Octubre;2021;13.032;59.043;71.909;1,52;186.005;888.548;1.072.519;22,64;0
España;Septiembre;2021;11.913;59.641;71.153;1,50;192.323;903.733;1.093.984;23,09;0
España;Agosto;2021;9.378;47.583;56.923;1,20;196.657;914.820;1.109.550;23,42;0
España;Julio;2021;15.286;83.898;99.034;2,09;200.134;934.160;1.132.303;23,90;0
España;Junio;2021;17.158;96.784;113.774;2,40;207.180;968.192;1.173.340;24,77;0
España;Mayo;2021;18.172;95.399;113.454;2,39;207.727;954.059;1.159.783;24,47;0
España;Abril;2021;17.651;78.594;96.131;2,03;199.139;892.998;1.090.160;23,00;0
España;Marzo;2021;20.201;85.817;105.919;2,23;184.215;818.567;1.000.862;21,12;0
España;Febrero;2021;14.965;58.277;73.099;1,54;172.039;770.393;940.509;19,84;0
España;Enero;2021;11.543;41.966;53.377;1,13;174.749;806.734;979.704;20,67;0
España;Diciembre;2020;18.383;105.840;123.941;2,61;179.529;851.210;1.029.089;21,71;0
España;Noviembre;2020;18.323;75.706;93.805;1,98;179.114;851.224;1.028.969;21,73;0
España;Octubre;2020;19.350;74.228;93.374;1,97;180.496;868.673;1.048.029;22,13;0
España;Septiembre;2020;16.247;70.728;86.719;1,83;182.259;888.399;1.069.730;22,59;0
España;Agosto;2020;12.855;66.923;79.676;1,68;181.254;899.417;1.079.989;22,81;0
España;Julio;2020;22.332;117.930;140.071;2,96;185.087;906.918;1.091.482;23,05;0
España;Junio;2020;17.705;82.651;100.217;2,12;184.470;905.661;1.089.812;23,01;0
España;Mayo;2020;9.584;34.338;43.831;0,93;190.130;953.523;1.143.331;24,16;0
España;Abril;2020;2.727;4.163;6.833;0,14;203.853;1.044.808;1.248.433;26,38;0
España;Marzo;2020;8.025;37.643;45.566;0,96;223.438;1.160.062;1.383.320;29,23;0
España;Febrero;2020;17.675;94.618;112.294;2,37;237.947;1.245.078;1.482.940;31,33;0
España;Enero;2020;16.323;86.442;102.762;2,17;239.052;1.251.153;1.490.115;31,48;0
España;Diciembre;2019;17.968;105.854;123.821;2,62;242.953;1.258.249;1.501.109;31,71;0
España;Noviembre;2019;19.705;93.155;112.865;2,40;244.580;1.251.685;1.496.174;31,76;0
España;Octubre;2019;21.113;93.954;115.075;2,44;245.078;1.249.593;1.494.565;31,73;0
España;Septiembre;2019;15.242;81.746;96.978;2,06;244.899;1.244.050;1.488.827;31,61;0
España;Agosto;2019;16.688;74.424;91.169;1,94;245.545;1.231.432;1.476.857;31,35;0
España;Julio;2019;21.715;116.673;138.401;2,94;245.984;1.264.700;1.510.490;32,07;0
España;Junio;2019;23.365;130.513;153.736;3,26;245.563;1.279.209;1.524.546;32,36;0
España;Mayo;2019;23.307;125.623;148.933;3,17;245.572;1.291.093;1.536.551;32,74;0
España;Abril;2019;22.312;119.417;141.720;3,02;245.239;1.300.995;1.546.112;32,94;0
España;Marzo;2019;22.534;122.659;145.186;3,09;244.004;1.298.011;1.539.287;32,79;0
España;Febrero;2019;18.780;100.693;119.469;2,55;242.937;1.303.532;1.543.740;32,89;0
España;Enero;2019;20.224;93.538;113.756;2,42;243.674;1.313.314;1.554.261;33,11;0
España;Diciembre;2018;19.595;99.290;118.886;2,53;242.116;1.321.437;1.560.832;33,25;0
España;Noviembre;2018;20.203;91.063;111.256;2,38;240.884;1.325.091;1.563.252;33,45;0
España;Octubre;2018;20.934;88.411;109.337;2,34;242.146;1.338.198;1.577.631;33,76;0
España;Septiembre;2018;15.888;69.128;85.008;1,82;241.798;1.344.463;1.583.556;33,89;0
España;Agosto;2018;17.127;107.692;124.802;2,67;243.480;1.358.626;1.599.409;34,23;0
España;Julio;2018;21.294;131.182;152.457;3,26;240.851;1.323.344;1.561.515;33,42;0
España;Junio;2018;23.374;142.397;165.741;3,55;239.840;1.302.109;1.539.288;32,94;0
España;Mayo;2018;22.974;135.525;158.494;3,40;237.906;1.291.509;1.526.784;32,72;0
España;Abril;2018;21.077;116.433;134.895;2,89;236.129;1.282.395;1.515.898;32,49;0
España;Marzo;2018;21.467;128.180;149.639;3,21;232.329;1.267.337;1.499.654;32,14;0
España;Febrero;2018;19.517;110.475;129.990;2,79;232.734;1.264.757;1.497.487;32,09;0
España;Enero;2018;18.666;101.661;120.327;2,58;229.765;1.252.078;1.481.841;31,76;0
España;Diciembre;2017;18.363;102.944;121.306;2,60;227.301;1.234.932;1.462.230;31,34;0
España;Noviembre;2017;21.465;104.170;125.635;2,70;227.797;1.228.876;1.456.668;31,30;0
España;Octubre;2017;20.586;94.676;115.262;2,48;224.950;1.217.359;1.442.304;31,00;0
España;Septiembre;2017;17.570;83.291;100.861;2,17;221.387;1.205.931;1.427.313;30,67;0
España;Agosto;2017;14.498;72.410;86.908;1,87;220.109;1.202.231;1.422.335;30,57;0
España;Julio;2017;20.283;109.947;130.230;2,80;217.643;1.193.910;1.411.458;30,33;0
España;Junio;2017;21.440;131.797;153.237;3,29;214.592;1.191.269;1.405.762;30,21;0
España;Mayo;2017;21.197;126.411;147.608;3,17;212.852;1.183.262;1.396.015;30,00;0
España;Abril;2017;17.277;101.375;118.651;2,55;209.420;1.170.522;1.379.843;29,66;0
España;Marzo;2017;21.872;125.600;147.472;3,17;209.602;1.169.426;1.378.930;29,64;0
España;Febrero;2017;16.548;97.796;114.344;2,46;205.328;1.155.337;1.360.568;29,24;0
España;Enero;2017;16.202;84.515;100.716;2,16;203.455;1.155.190;1.358.548;29,20;0
España;Diciembre;2016;18.859;96.888;115.744;2,49;200.337;1.147.009;1.347.333;28,96;0
España;Noviembre;2016;18.618;92.653;111.271;2,40;198.124;1.138.730;1.336.847;28,78;0
España;Octubre;2016;17.023;83.248;100.271;2,16;195.806;1.127.727;1.323.526;28,49;0
España;Septiembre;2016;16.292;79.591;95.883;2,06;196.836;1.124.534;1.321.362;28,45;0
España;Agosto;2016;12.032;64.089;76.031;1,64;194.818;1.114.795;1.309.568;28,19;0
España;Julio;2016;17.232;107.306;124.534;2,68;192.856;1.106.624;1.299.526;27,98;0
España;Junio;2016;19.700;123.790;143.490;3,09;192.299;1.102.240;1.294.589;27,87;0
España;Mayo;2016;17.765;113.671;131.436;2,83;189.453;1.089.783;1.279.629;27,55;0
España;Abril;2016;17.459;100.279;117.738;2,54;186.838;1.070.143;1.257.373;27,08;0
España;Marzo;2016;17.598;111.511;129.110;2,78;183.984;1.052.580;1.236.955;26,64;0
España;Febrero;2016;14.675;97.649;112.324;2,42;184.085;1.053.373;1.237.842;26,65;0
España;Enero;2016;13.084;76.334;89.501;1,93;181.888;1.042.443;1.224.713;26,37;0
España;Diciembre;2015;16.646;88.609;105.258;2,27;179.521;1.034.228;1.214.162;26,14;0
España;Noviembre;2015;16.300;81.650;97.950;2,11;176.409;1.019.059;1.195.878;25,77;0
España;Octubre;2015;18.053;80.055;98.107;2,11;170.819;1.002.531;1.173.760;25,29;0
España;Septiembre;2015;14.274;69.852;84.089;1,81;167.522;998.549;1.166.417;25,13;0
España;Agosto;2015;10.070;55.918;65.989;1,42;162.561;985.707;1.148.651;24,75;0
España;Julio;2015;16.675;102.922;119.597;2,58;159.900;975.144;1.135.426;24,47;0
España;Junio;2015;16.854;111.333;128.530;2,77;155.622;955.587;1.111.591;23,95;0
España;Mayo;2015;15.150;94.031;109.180;2,35;150.259;934.413;1.084.709;23,35;0
España;Abril;2015;14.605;82.716;97.320;2,10;146.758;922.865;1.069.661;23,03;0
España;Marzo;2015;17.699;112.304;129.997;2,80;144.476;920.323;1.064.838;22,92;0
España;Febrero;2015;12.478;86.719;99.195;2,14;137.335;887.947;1.025.326;22,07;0
España;Enero;2015;10.717;68.119;78.950;1,70;134.495;869.991;1.004.532;21,63;0
Alemania;Diciembre;2022;31.593;314.318;345.911;4,10;312.391;2.651.357;2.963.748;35,13;0
Alemania;Noviembre;2022;32.479;260.512;292.991;3,52;309.934;2.564.669;2.874.603;34,54;0
Alemania;Octubre;2022;24.089;208.642;232.731;2,80;305.954;2.502.415;2.808.369;33,74;0
Alemania;Septiembre;2022;25.265;224.816;250.081;3,00;309.378;2.472.456;2.781.834;33,42;0
Alemania;Agosto;2022;24.697;199.183;223.880;2,69;310.192;2.444.612;2.754.804;33,10;0
Alemania;Julio;2022;23.716;205.911;229.627;2,76;311.294;2.438.736;2.750.030;33,04;0
Alemania;Junio;2022;25.671;224.558;250.229;3,01;316.392;2.469.218;2.785.610;33,47;0
Alemania;Mayo;2022;24.296;207.199;231.495;2,78;325.435;2.518.812;2.844.247;34,17;0
Alemania;Abril;2022;21.633;180.264;201.897;2,43;331.329;2.542.248;2.873.577;34,52;0
Alemania;Marzo;2022;30.350;241.330;271.680;3,26;340.828;2.591.634;2.932.462;35,23;0
Alemania;Febrero;2022;25.371;200.512;225.883;2,71;348.221;2.642.653;2.990.874;35,93;0
Alemania;Enero;2022;23.231;184.112;207.343;2,49;350.443;2.636.490;2.986.933;35,88;0
Alemania;Diciembre;2022;31.593;314.318;345.911;4,10;312.391;2.651.357;2.963.748;35,13;0
Alemania;Noviembre;2022;32.479;260.512;292.991;3,52;309.934;2.564.669;2.874.603;34,54;0
Alemania;Octubre;2022;24.089;208.642;232.731;2,80;305.954;2.502.415;2.808.369;33,74;0
Alemania;Septiembre;2022;25.265;224.816;250.081;3,00;309.378;2.472.456;2.781.834;33,42;0
Alemania;Agosto;2022;24.697;199.183;223.880;2,69;310.192;2.444.612;2.754.804;33,10;0
Alemania;Julio;2022;23.716;205.911;229.627;2,76;311.294;2.438.736;2.750.030;33,04;0
Alemania;Junio;2022;25.671;224.558;250.229;3,01;316.392;2.469.218;2.785.610;33,47;0
Alemania;Mayo;2022;24.296;207.199;231.495;2,78;325.435;2.518.812;2.844.247;34,17;0
Alemania;Abril;2022;21.633;180.264;201.897;2,43;331.329;2.542.248;2.873.577;34,52;0
Alemania;Marzo;2022;30.350;241.330;271.680;3,26;340.828;2.591.634;2.932.462;35,23;0
Alemania;Febrero;2022;25.371;200.512;225.883;2,71;348.221;2.642.653;2.990.874;35,93;0
Alemania;Enero;2022;23.231;184.112;207.343;2,49;350.443;2.636.490;2.986.933;35,88;0
Alemania;Diciembre;2021;29.136;227.630;256.766;3,08;351.187;2.622.132;2.973.319;35,72;0
Alemania;Noviembre;2021;28.499;198.258;226.757;2,73;353.060;2.705.896;3.058.956;36,79;0
Alemania;Octubre;2021;27.513;178.683;206.196;2,48;361.131;2.797.788;3.158.919;37,99;0
Alemania;Septiembre;2021;26.079;196.972;223.051;2,68;369.963;2.893.408;3.263.371;39,24;0
Alemania;Agosto;2021;25.799;193.307;219.106;2,63;375.749;2.961.663;3.337.412;40,13;0
Alemania;Julio;2021;28.814;236.393;265.207;3,19;379.234;3.019.400;3.398.634;40,87;0
Alemania;Junio;2021;34.714;274.152;308.866;3,71;382.176;3.097.945;3.480.121;41,85;0
Alemania;Mayo;2021;30.190;230.635;260.825;3,14;374.480;3.044.065;3.418.545;41,11;0
Alemania;Abril;2021;31.132;229.650;260.782;3,14;364.913;2.981.578;3.346.491;40,24;0
Alemania;Marzo;2021;37.743;292.349;330.092;3,97;353.236;2.872.768;3.226.004;38,80;0
Alemania;Febrero;2021;27.593;194.349;221.942;2,67;343.613;2.795.538;3.139.151;37,75;0
Alemania;Enero;2021;23.975;169.754;193.729;2,33;344.135;2.841.132;3.185.267;38,31;0
Alemania;Diciembre;2020;31.009;311.394;342.403;4,12;349.071;2.917.678;3.266.749;39,29;0
Alemania;Noviembre;2020;36.570;290.150;326.720;3,93;347.669;2.889.664;3.237.333;38,93;0
Alemania;Octubre;2020;36.345;274.303;310.648;3,74;346.151;2.898.641;3.244.792;39,02;0
Alemania;Septiembre;2020;31.865;265.227;297.092;3,57;343.016;2.908.931;3.251.947;39,10;0
Alemania;Agosto;2020;29.284;251.044;280.328;3,37;338.246;;;;0
Alemania;Julio;2020;31.756;314.938;346.694;4,17;346.832;2.637.282;2.946.244;35,43;0
Alemania;Junio;2020;27.018;220.272;247.290;2,97;348.737;2.636.092;2.946.959;35,43;0
Alemania;Mayo;2020;20.623;168.148;188.771;2,27;360.587;2.741.051;3.063.768;36,84;0
Alemania;Abril;2020;19.455;120.840;140.295;1,69;379.512;2.905.865;3.247.507;39,05;0
Alemania;Marzo;2020;28.120;215.119;243.239;2,92;395.516;3.095.740;3.453.386;41,52;0
Alemania;Febrero;2020;28.115;239.943;268.058;3,22;405.097;3.226.144;3.593.371;43,21;0
Alemania;Enero;2020;28.911;246.300;275.211;3,31;407.413;3.255.068;3.624.611;43,58;0
Alemania;Diciembre;2019;29.607;283.380;312.987;3,76;409.801;3.274.470;3.646.401;43,84;0
Alemania;Noviembre;2019;35.052;299.127;334.179;4,03;410.305;3.228.148;3.600.583;43,37;0
Alemania;Octubre;2019;33.210;284.593;317.803;3,83;412.582;3.201.695;3.576.407;43,08;0
Alemania;Septiembre;2019;27.095;244.622;271.717;3,27;416.854;3.169.730;3.548.714;42,75;0
Alemania;Agosto;2019;37.870;;;;420.386;;;;0
Alemania;Julio;2019;33.661;313.748;347.409;4,18;416.018;3.441.647;3.857.665;46,47;0
Alemania;Junio;2019;38.868;325.231;364.099;4,39;412.319;3.445.747;3.858.066;46,47;0
Alemania;Mayo;2019;39.548;332.962;372.510;4,49;408.639;3.461.824;3.870.463;46,62;0
Alemania;Abril;2019;35.459;310.715;346.174;4,17;400.807;3.433.919;3.834.726;46,19;0
Alemania;Marzo;2019;37.701;345.523;383.224;4,62;397.567;3.437.259;3.834.826;46,19;0
Alemania;Febrero;2019;30.431;268.867;299.298;3,61;394.550;3.439.169;3.833.719;46,18;0
Alemania;Enero;2019;31.299;265.702;297.001;3,58;390.545;3.432.051;3.822.596;46,04;0
Alemania;Diciembre;2018;30.111;237.058;267.169;3,22;386.282;3.435.778;3.822.060;46,04;0
Alemania;Noviembre;2018;37.329;272.674;310.003;3,74;387.678;3.452.670;3.840.348;46,39;0
Alemania;Octubre;2018;37.482;252.628;290.110;3,50;385.380;3.482.632;3.868.012;46,72;0
Alemania;Septiembre;2018;30.627;200.134;230.761;2,79;379.965;3.502.859;3.882.824;46,90;0
Alemania;Agosto;2018;33.502;316.405;349.907;4,23;379.621;3.590.760;3.970.381;47,96;0
Alemania;Julio;2018;29.962;317.848;347.810;4,20;376.112;3.528.034;3.904.146;47,16;0
Alemania;Junio;2018;35.188;341.308;376.496;4,55;375.755;3.493.266;3.869.021;46,73;0
Alemania;Mayo;2018;31.716;305.057;336.773;4,07;373.383;3.479.651;3.853.034;46,54;0
Alemania;Abril;2018;32.219;314.055;346.274;4,18;373.559;3.498.546;3.872.105;46,77;0
Alemania;Marzo;2018;34.684;347.433;382.117;4,62;369.487;3.475.188;3.844.675;46,44;0
Alemania;Febrero;2018;26.426;261.749;288.175;3,48;372.345;3.487.438;3.859.783;46,62;0
Alemania;Enero;2018;27.036;269.429;296.465;3,58;371.416;3.469.291;3.840.707;46,39;0
Alemania;Diciembre;2017;31.507;253.950;285.457;3,45;369.147;3.441.261;3.810.408;46,02;0
Alemania;Noviembre;2017;35.031;302.636;337.667;4,09;369.091;3.443.844;3.812.935;46,21;0
Alemania;Octubre;2017;32.067;272.855;304.922;3,70;367.063;3.417.775;3.784.838;45,86;0
Alemania;Septiembre;2017;30.283;288.035;318.318;3,86;363.012;3.407.644;3.770.656;45,69;0
Alemania;Agosto;2017;29.993;253.679;283.672;3,44;361.422;3.417.611;3.779.033;45,79;0
Alemania;Julio;2017;29.605;283.080;312.685;3,79;362.052;3.409.008;3.771.060;45,70;0
Alemania;Junio;2017;32.816;327.693;360.509;4,37;360.927;3.404.794;3.765.721;45,63;0
Alemania;Mayo;2017;31.892;323.952;355.844;4,31;363.290;3.416.664;3.779.954;45,81;0
Alemania;Abril;2017;28.147;290.697;318.844;3,86;359.581;3.379.643;3.739.224;45,31;0
Alemania;Marzo;2017;37.542;359.683;397.225;4,81;363.353;3.404.867;3.768.220;45,66;0
Alemania;Febrero;2017;25.497;243.602;269.099;3,26;357.828;3.368.097;3.725.925;45,15;0
Alemania;Enero;2017;24.767;241.399;266.166;3,23;357.896;3.374.641;3.732.537;45,23;0
Alemania;Diciembre;2016;31.451;256.533;287.984;3,49;357.260;3.351.607;3.708.867;44,94;0
Alemania;Noviembre;2016;33.003;276.567;309.570;3,77;356.219;3.342.429;3.698.648;45,01;0
Alemania;Octubre;2016;28.016;262.724;290.740;3,54;355.645;3.338.239;3.693.884;44,95;0
Alemania;Septiembre;2016;28.693;298.002;326.695;3,98;360.601;3.353.887;3.714.488;45,20;0
Alemania;Agosto;2016;30.623;245.076;275.699;3,35;359.208;3.328.364;3.687.572;44,87;0
Alemania;Julio;2016;28.480;278.866;307.346;3,74;350.056;3.309.602;3.659.658;44,53;0
Alemania;Junio;2016;35.179;339.563;374.742;4,56;350.471;3.320.932;3.671.403;44,68;0
Alemania;Mayo;2016;28.183;286.931;315.114;3,83;346.911;3.294.908;3.641.819;44,32;0
Alemania;Abril;2016;31.919;315.921;347.840;4,23;344.156;3.264.362;3.608.518;43,91;0
Alemania;Marzo;2016;32.017;322.913;354.930;4,32;340.659;3.239.836;3.580.495;43,57;0
Alemania;Febrero;2016;25.565;250.146;275.711;3,36;339.838;3.239.962;3.579.800;43,56;0
Alemania;Enero;2016;24.131;218.365;242.496;2,95;336.279;3.213.070;3.549.349;43,19;0
Alemania;Diciembre;2015;30.410;247.355;277.765;3,38;333.783;3.206.042;3.539.825;43,08;0
Alemania;Noviembre;2015;32.429;272.377;304.806;3,75;331.343;3.188.387;3.519.730;43,35;0
Alemania;Octubre;2015;32.972;278.372;311.344;3,83;327.136;3.166.092;3.493.228;43,02;0
Alemania;Septiembre;2015;27.300;272.479;299.779;3,69;325.061;3.163.040;3.488.101;42,96;0
Alemania;Agosto;2015;21.471;226.314;247.785;3,05;324.894;3.150.623;3.475.517;42,80;0
Alemania;Julio;2015;28.895;290.196;319.091;3,93;326.932;3.137.401;3.464.333;42,67;0
Alemania;Junio;2015;31.619;313.539;345.158;4,25;326.922;3.117.454;3.444.376;42,42;0
Alemania;Mayo;2015;25.428;256.385;281.813;3,47;324.206;3.081.529;3.405.735;41,94;0
Alemania;Abril;2015;28.422;291.395;319.817;3,94;326.756;3.099.948;3.426.704;42,20;0
Alemania;Marzo;2015;31.196;323.039;354.235;4,36;324.888;3.082.650;3.407.538;41,97;0
Alemania;Febrero;2015;22.006;223.254;245.260;3,02;321.275;3.056.019;3.377.294;41,59;0
Alemania;Enero;2015;21.635;211.337;232.972;2,87;321.064;3.042.114;3.363.178;41,42;0
Reino Unido;Diciembre;2022;25.359;128.462;153.821;2,29;329.509;1.614.063;1.943.572;28,97;0
Reino Unido;Noviembre;2022;29.017;142.889;171.906;2,56;337.093;1.594.197;1.931.290;28,79;0
Reino Unido;Octubre;2022;26.943;134.344;161.287;2,40;343.794;1.567.014;1.910.808;28,49;0
Reino Unido;Septiembre;2022;39.643;225.269;264.912;3,95;347.918;1.538.935;1.886.853;28,13;0
Reino Unido;Agosto;2022;18.740;68.858;87.598;1,31;343.728;1.528.978;1.872.706;27,92;0
Reino Unido;Julio;2022;22.315;112.162;134.477;2,00;348.142;1.528.153;1.876.295;27,97;0
Reino Unido;Junio;2022;30.120;140.958;171.078;2,55;352.501;1.539.287;1.891.788;28,20;0
Reino Unido;Mayo;2022;26.104;124.394;150.498;2,24;360.543;1.584.457;1.945.000;28,99;0
Reino Unido;Abril;2022;25.412;119.167;144.579;2,16;367.882;1.616.800;1.984.682;29,59;0
Reino Unido;Marzo;2022;45.841;243.479;289.320;4,31;376.794;1.639.216;2.016.010;30,05;0
Reino Unido;Febrero;2022;18.869;58.994;77.863;1,16;392.865;1.679.701;2.072.566;30,90;0
Reino Unido;Enero;2022;21.146;115.087;136.233;2,03;393.879;1.672.019;2.065.898;30,80;0
Reino Unido;Diciembre;2022;25.359;128.462;153.821;2,29;329.509;1.614.063;1.943.572;28,97;0
Reino Unido;Noviembre;2022;29.017;142.889;171.906;2,56;337.093;1.594.197;1.931.290;28,79;0
Reino Unido;Octubre;2022;26.943;134.344;161.287;2,40;343.794;1.567.014;1.910.808;28,49;0
Reino Unido;Septiembre;2022;39.643;225.269;264.912;3,95;347.918;1.538.935;1.886.853;28,13;0
Reino Unido;Agosto;2022;18.740;68.858;87.598;1,31;343.728;1.528.978;1.872.706;27,92;0
Reino Unido;Julio;2022;22.315;112.162;134.477;2,00;348.142;1.528.153;1.876.295;27,97;0
Reino Unido;Junio;2022;30.120;140.958;171.078;2,55;352.501;1.539.287;1.891.788;28,20;0
Reino Unido;Mayo;2022;26.104;124.394;150.498;2,24;360.543;1.584.457;1.945.000;28,99;0
Reino Unido;Abril;2022;25.412;119.167;144.579;2,16;367.882;1.616.800;1.984.682;29,59;0
Reino Unido;Marzo;2022;45.841;243.479;289.320;4,31;376.794;1.639.216;2.016.010;30,05;0
Reino Unido;Febrero;2022;18.869;58.994;77.863;1,16;392.865;1.679.701;2.072.566;30,90;0
Reino Unido;Enero;2022;21.146;115.087;136.233;2,03;393.879;1.672.019;2.065.898;30,80;0
Reino Unido;Diciembre;2021;32.943;108.596;141.539;2,11;399.846;1.647.181;2.047.027;30,52;0
Reino Unido;Noviembre;2021;35.718;115.706;151.424;2,26;398.227;1.671.267;2.069.494;30,85;0
Reino Unido;Octubre;2021;31.067;106.265;137.332;2,05;395.867;1.669.342;2.065.209;30,79;0
Reino Unido;Septiembre;2021;35.453;215.312;250.765;3,74;398.561;1.704.022;2.102.583;31,34;0
Reino Unido;Agosto;2021;23.154;68.033;91.187;1,36;420.034;1.816.751;2.236.785;33,34;0
Reino Unido;Julio;2021;26.674;123.296;149.970;2,24;418.838;1.835.944;2.254.782;33,61;0
Reino Unido;Junio;2021;38.162;186.128;224.290;3,34;423.119;1.887.535;2.310.654;34,45;0
Reino Unido;Mayo;2021;33.443;156.737;190.180;2,84;417.290;1.846.784;2.264.074;33,75;0
Reino Unido;Abril;2021;34.324;141.583;175.907;2,62;392.694;1.710.294;2.102.988;31,35;0
Reino Unido;Marzo;2021;61.912;283.964;345.876;5,16;363.052;1.573.032;1.936.084;28,86;0
Reino Unido;Febrero;2021;19.883;51.312;71.195;1,06;335.374;1.543.752;1.879.126;28,01;0
Reino Unido;Enero;2021;27.113;90.249;117.362;1,75;332.341;1.572.034;1.904.375;28,39;0
Reino Unido;Diciembre;2020;31.324;132.682;164.006;2,44;332.557;1.631.064;1.963.621;29,27;0
Reino Unido;Noviembre;2020;33.358;113.781;147.139;2,20;333.809;1.647.379;1.981.188;29,56;0
Reino Unido;Octubre;2020;33.761;140.945;174.706;2,61;331.903;1.690.219;2.022.122;30,17;0
Reino Unido;Septiembre;2020;56.926;328.041;384.967;5,74;329.190;1.692.525;2.021.715;30,16;0
Reino Unido;Agosto;2020;21.958;87.226;109.184;1,63;319.338;;;;0
Reino Unido;Julio;2020;30.955;174.887;205.842;3,07;323.211;1.620.513;1.917.893;28,61;0
Reino Unido;Junio;2020;32.333;145.377;177.710;2,65;321.186;1.538.199;1.833.554;27,36;0
Reino Unido;Mayo;2020;8.847;20.247;29.094;0,43;337.207;1.616.243;1.927.619;28,76;0
Reino Unido;Abril;2020;4.682;4.321;9.003;0,13;362.628;1.779.720;2.116.517;31,58;0
Reino Unido;Marzo;2020;34.234;254.684;288.918;4,31;387.677;1.936.463;2.298.309;34,29;0
Reino Unido;Febrero;2020;16.850;79.594;96.444;1,44;427.131;2.139.833;2.541.133;37,91;0
Reino Unido;Enero;2020;27.329;149.279;176.608;2,63;427.533;2.142.208;2.543.910;37,95;0
Reino Unido;Diciembre;2019;32.576;148.997;181.573;2,71;426.895;2.153.942;2.555.006;38,12;0
Reino Unido;Noviembre;2019;31.452;156.621;188.073;2,82;424.250;2.149.034;2.547.453;38,22;0
Reino Unido;Octubre;2019;31.048;143.251;174.299;2,62;427.393;2.151.052;2.552.614;38,30;0
Reino Unido;Septiembre;2019;47.074;343.255;390.329;5,86;430.126;2.161.400;2.565.695;38,50;0
Reino Unido;Agosto;2019;25.831;;;;443.024;;;;0
Reino Unido;Julio;2019;28.930;92.573;121.503;1,82;436.723;2.251.073;2.687.796;40,33;0
Reino Unido;Junio;2019;48.354;223.421;271.775;4,08;435.383;2.322.398;2.757.781;41,38;0
Reino Unido;Mayo;2019;34.268;183.724;217.992;3,27;427.133;2.333.922;2.761.055;41,43;0
Reino Unido;Abril;2019;29.731;161.064;190.795;2,86;425.302;2.342.847;2.768.149;41,53;0
Reino Unido;Marzo;2019;73.688;458.054;531.742;7,98;423.679;2.349.694;2.773.373;41,61;0
Reino Unido;Febrero;2019;17.252;81.969;99.221;1,49;416.186;2.365.709;2.781.895;41,74;0
Reino Unido;Enero;2019;26.691;161.013;187.704;2,82;415.812;2.364.545;2.780.357;41,72;0
Reino Unido;Diciembre;2018;29.931;144.089;174.020;2,61;413.242;2.367.147;2.780.389;41,72;0
Reino Unido;Noviembre;2018;34.595;158.639;193.234;2,92;412.252;2.375.531;2.787.783;42,06;0
Reino Unido;Octubre;2018;33.781;153.599;187.380;2,83;404.848;2.380.433;2.785.281;42,03;0
Reino Unido;Septiembre;2018;59.972;338.834;398.806;6,02;396.611;2.385.026;2.781.637;41,97;0
Reino Unido;Agosto;2018;19.530;94.094;113.624;1,71;395.115;2.472.362;2.867.477;43,27;0
Reino Unido;Julio;2018;27.590;163.898;191.488;2,89;391.634;2.454.701;2.846.335;42,95;0
Reino Unido;Junio;2018;40.104;234.945;275.049;4,15;389.262;2.452.800;2.842.062;42,88;0
Reino Unido;Mayo;2018;32.437;192.649;225.086;3,40;387.354;2.461.309;2.848.663;42,98;0
Reino Unido;Abril;2018;28.108;167.911;196.019;2,96;382.452;2.454.925;2.837.377;42,81;0
Reino Unido;Marzo;2018;66.195;474.069;540.264;8,15;377.582;2.439.090;2.816.672;42,50;0
Reino Unido;Febrero;2018;16.878;80.805;97.683;1,47;375.800;2.527.358;2.903.158;43,81;0
Reino Unido;Enero;2018;24.121;163.615;187.736;2,83;372.574;2.529.668;2.902.242;43,79;0
Reino Unido;Diciembre;2017;28.941;152.473;181.414;2,74;370.210;2.540.617;2.910.827;43,92;0
Reino Unido;Noviembre;2017;27.191;163.541;190.732;2,90;373.414;2.566.166;2.939.580;44,64;0
Reino Unido;Octubre;2017;25.544;158.192;183.736;2,79;381.143;2.586.726;2.967.869;45,07;0
Reino Unido;Septiembre;2017;58.476;426.170;484.646;7,36;387.732;2.608.702;2.996.434;45,51;0
Reino Unido;Agosto;2017;16.049;76.433;92.482;1,40;394.439;2.652.228;3.046.667;46,27;0
Reino Unido;Julio;2017;25.218;161.997;187.215;2,84;396.719;2.657.435;3.054.154;46,38;0
Reino Unido;Junio;2017;38.196;243.454;281.650;4,28;399.480;2.673.961;3.073.441;46,68;0
Reino Unido;Mayo;2017;27.535;186.265;213.800;3,25;403.006;2.686.273;3.089.279;46,92;0
Reino Unido;Abril;2017;23.238;152.076;175.314;2,66;408.428;2.703.593;3.112.021;47,26;0
Reino Unido;Marzo;2017;64.413;562.337;626.750;9,52;417.634;2.741.022;3.158.656;47,97;0
Reino Unido;Febrero;2017;13.652;83.115;96.767;1,47;423.857;2.697.392;3.121.249;47,40;0
Reino Unido;Enero;2017;21.757;174.564;196.321;2,98;426.802;2.697.672;3.124.474;47,45;0
Reino Unido;Diciembre;2016;32.145;178.022;210.167;3,19;429.666;2.692.786;3.122.452;47,42;0
Reino Unido;Noviembre;2016;34.920;184.101;219.021;3,35;433.101;2.694.841;3.127.942;47,84;0
Reino Unido;Octubre;2016;32.133;180.168;212.301;3,25;431.859;2.689.616;3.121.475;47,74;0
Reino Unido;Septiembre;2016;65.183;469.696;534.879;8,18;434.056;2.687.112;3.121.168;47,74;0
Reino Unido;Agosto;2016;18.329;81.640;99.969;1,53;434.681;2.679.933;3.114.614;47,64;0
Reino Unido;Julio;2016;27.979;178.523;206.502;3,16;433.897;2.677.353;3.111.250;47,59;0
Reino Unido;Junio;2016;41.722;255.766;297.488;4,55;435.169;2.677.250;3.112.419;47,61;0
Reino Unido;Mayo;2016;32.957;203.585;236.542;3,62;434.109;2.679.301;3.113.410;47,62;0
Reino Unido;Abril;2016;32.444;189.505;221.949;3,39;433.404;2.674.422;3.107.826;47,54;0
Reino Unido;Marzo;2016;70.636;518.707;589.343;9,01;430.184;2.670.695;3.100.879;47,43;0
Reino Unido;Febrero;2016;16.597;83.395;99.992;1,53;428.076;2.644.762;3.072.838;47,00;0
Reino Unido;Enero;2016;24.621;169.678;194.299;2,97;427.533;2.638.325;3.065.858;46,89;0
Reino Unido;Diciembre;2015;35.580;180.077;215.657;3,30;427.903;2.633.503;3.061.406;46,83;0
Reino Unido;Noviembre;2015;33.678;178.876;212.554;3,28;421.906;2.619.624;3.041.530;46,90;0
Reino Unido;Octubre;2015;34.330;177.664;211.994;3,27;417.705;2.613.075;3.030.780;46,73;0
Reino Unido;Septiembre;2015;65.808;462.517;528.325;8,15;418.757;2.615.125;3.033.882;46,78;0
Reino Unido;Agosto;2015;17.545;79.060;96.605;1,49;407.851;2.578.469;2.986.320;46,05;0
Reino Unido;Julio;2015;29.251;178.420;207.671;3,20;405.457;2.571.572;2.977.029;45,90;0
Reino Unido;Junio;2015;40.662;257.817;298.479;4,60;404.509;2.566.059;2.970.568;45,80;0
Reino Unido;Mayo;2015;32.252;198.706;230.958;3,56;398.149;2.536.533;2.934.682;45,25;0
Reino Unido;Abril;2015;29.224;185.778;215.002;3,32;393.379;2.531.859;2.925.238;45,11;0
Reino Unido;Marzo;2015;68.528;492.774;561.302;8,65;387.946;2.522.901;2.910.847;44,88;0
Reino Unido;Febrero;2015;16.054;76.958;93.012;1,43;373.975;2.494.951;2.868.926;44,24;0
Reino Unido;Enero;2015;24.991;164.856;189.847;2,93;371.370;2.486.729;2.858.099;44,07;0
Italia;Diciembre;2022;17.666;104.915;122.581;2,08;188.133;1.316.392;1.504.525;25,50;0
Italia;Noviembre;2022;15.256;119.853;135.109;2,29;189.618;1.298.156;1.487.774;25,20;0
Italia;Octubre;2022;15.788;115.827;131.615;2,23;191.689;1.282.781;1.474.470;24,98;0
Italia;Septiembre;2022;14.631;110.976;125.607;2,13;191.951;1.267.969;1.459.920;24,73;0
Italia;Agosto;2022;9.693;71.190;80.883;1,37;193.278;1.262.168;1.455.446;24,66;0
Italia;Julio;2022;15.028;109.604;124.632;2,11;193.837;1.255.667;1.449.504;24,56;0
Italia;Junio;2022;15.477;127.209;142.686;2,42;196.408;1.256.522;1.452.930;24,61;0
Italia;Mayo;2022;18.091;121.299;139.390;2,36;199.596;1.278.751;1.478.347;25,04;0
Italia;Abril;2022;15.946;97.339;113.285;1,92;200.969;1.300.182;1.501.151;25,43;0
Italia;Marzo;2022;18.753;119.497;138.250;2,34;204.441;1.347.876;1.552.317;26,30;0
Italia;Febrero;2022;17.420;110.869;128.289;2,17;206.583;1.398.063;1.604.646;27,18;0
Italia;Enero;2022;14.384;107.814;122.198;2,07;207.544;1.430.192;1.637.736;27,74;0
Italia;Diciembre;2022;17.666;104.915;122.581;2,08;188.133;1.316.392;1.504.525;25,50;0
Italia;Noviembre;2022;15.256;119.853;135.109;2,29;189.618;1.298.156;1.487.774;25,20;0
Italia;Octubre;2022;15.788;115.827;131.615;2,23;191.689;1.282.781;1.474.470;24,98;0
Italia;Septiembre;2022;14.631;110.976;125.607;2,13;191.951;1.267.969;1.459.920;24,73;0
Italia;Agosto;2022;9.693;71.190;80.883;1,37;193.278;1.262.168;1.455.446;24,66;0
Italia;Julio;2022;15.028;109.604;124.632;2,11;193.837;1.255.667;1.449.504;24,56;0
Italia;Junio;2022;15.477;127.209;142.686;2,42;196.408;1.256.522;1.452.930;24,61;0
Italia;Mayo;2022;18.091;121.299;139.390;2,36;199.596;1.278.751;1.478.347;25,04;0
Italia;Abril;2022;15.946;97.339;113.285;1,92;200.969;1.300.182;1.501.151;25,43;0
Italia;Marzo;2022;18.753;119.497;138.250;2,34;204.441;1.347.876;1.552.317;26,30;0
Italia;Febrero;2022;17.420;110.869;128.289;2,17;206.583;1.398.063;1.604.646;27,18;0
Italia;Enero;2022;14.384;107.814;122.198;2,07;207.544;1.430.192;1.637.736;27,74;0
Italia;Diciembre;2021;19.151;86.679;105.830;1,79;207.852;1.456.379;1.664.231;28,19;0
Italia;Noviembre;2021;17.327;104.478;121.805;2,06;208.836;1.489.154;1.697.990;28,66;0
Italia;Octubre;2021;16.050;101.015;117.065;1,98;212.172;1.523.081;1.735.253;29,29;0
Italia;Septiembre;2021;15.958;105.175;121.133;2,04;217.009;1.579.044;1.796.053;30,32;0
Italia;Agosto;2021;10.252;64.689;74.941;1,27;219.078;1.630.001;1.849.079;31,22;0
Italia;Julio;2021;17.599;110.459;128.058;2,16;220.148;1.654.113;1.874.261;31,64;0
Italia;Junio;2021;18.665;149.438;168.103;2,84;222.536;1.680.307;1.902.843;32,12;0
Italia;Mayo;2021;19.464;142.730;162.194;2,74;221.660;1.663.326;1.884.986;31,82;0
Italia;Abril;2021;19.418;145.033;164.451;2,78;215.155;1.620.307;1.835.462;30,99;0
Italia;Marzo;2021;20.895;169.684;190.579;3,22;198.349;1.479.553;1.677.902;28,33;0
Italia;Febrero;2021;18.381;142.998;161.379;2,72;184.111;1.338.195;1.522.306;25,70;0
Italia;Enero;2021;14.692;134.001;148.693;2,51;182.345;1.357.990;1.540.335;26,00;0
Italia;Diciembre;2020;20.135;119.454;139.589;2,36;183.402;1.379.517;1.562.919;26,38;0
Italia;Noviembre;2020;20.663;138.405;159.068;2,67;185.389;1.400.138;1.585.527;26,58;0
Italia;Octubre;2020;20.887;156.978;177.865;2,98;183.158;1.412.320;1.595.478;26,75;0
Italia;Septiembre;2020;18.027;156.132;174.159;2,92;181.882;1.412.193;1.594.075;26,73;0
Italia;Agosto;2020;11.322;88.801;100.123;1,68;179.228;;;;0
Italia;Julio;2020;19.987;136.653;156.640;2,63;179.005;1.309.396;1.477.302;24,77;0
Italia;Junio;2020;17.789;132.457;150.246;2,52;175.953;1.261.682;1.426.536;23,92;0
Italia;Mayo;2020;12.959;99.711;112.670;1,89;178.197;1.300.851;1.467.949;24,61;0
Italia;Abril;2020;2.612;4.279;6.891;0,12;185.210;1.398.447;1.572.558;26,37;0
Italia;Marzo;2020;6.657;28.326;34.983;0,59;200.313;1.568.580;1.757.794;29,47;0
Italia;Febrero;2020;16.615;162.793;179.408;3,01;212.114;1.733.916;1.934.931;32,44;0
Italia;Enero;2020;15.749;155.528;171.277;2,87;212.830;1.748.948;1.950.679;32,71;0
Italia;Diciembre;2019;22.122;140.075;162.197;2,72;213.516;1.758.284;1.960.701;32,87;0
Italia;Noviembre;2019;18.432;150.587;169.019;2,83;214.500;1.742.287;1.945.688;32,53;0
Italia;Octubre;2019;19.611;156.851;176.462;2,95;216.929;1.738.691;1.944.521;32,51;0
Italia;Septiembre;2019;15.373;142.136;157.509;2,63;216.898;1.728.495;1.934.294;32,34;0
Italia;Agosto;2019;11.099;;;;216.102;;;;0
Italia;Julio;2019;16.935;88.939;105.874;1,77;216.067;1.802.886;2.018.953;33,75;0
Italia;Junio;2019;20.033;171.626;191.659;3,20;216.047;1.866.726;2.082.773;34,82;0
Italia;Mayo;2019;19.972;197.307;217.279;3,63;214.503;1.869.802;2.084.305;34,84;0
Italia;Abril;2019;17.715;174.412;192.127;3,21;213.700;1.871.608;2.085.308;34,86;0
Italia;Marzo;2019;18.458;193.662;212.120;3,55;211.553;1.868.575;2.080.128;34,78;0
Italia;Febrero;2019;17.331;177.825;195.156;3,26;212.364;1.888.644;2.101.008;35,12;0
Italia;Enero;2019;16.435;164.864;181.299;3,03;211.932;1.892.553;2.104.485;35,18;0
Italia;Diciembre;2018;23.106;124.078;147.184;2,46;212.229;1.905.511;2.117.740;35,40;0
Italia;Noviembre;2018;20.861;146.991;167.852;2,80;213.991;1.902.533;2.116.524;35,31;0
Italia;Octubre;2018;19.580;146.655;166.235;2,77;215.349;1.912.242;2.127.591;35,50;0
Italia;Septiembre;2018;14.577;124.976;139.553;2,33;218.385;1.923.960;2.142.345;35,74;0
Italia;Agosto;2018;11.064;91.551;102.615;1,71;221.544;1.966.444;2.187.988;36,50;0
Italia;Julio;2018;16.915;152.779;169.694;2,83;221.146;1.958.527;2.179.673;36,37;0
Italia;Junio;2018;18.489;174.702;193.191;3,22;221.582;1.951.686;2.173.268;36,26;0
Italia;Mayo;2018;19.169;199.113;218.282;3,64;221.832;1.965.345;2.187.177;36,49;0
Italia;Abril;2018;15.568;171.379;186.947;3,12;221.841;1.971.035;2.192.876;36,59;0
Italia;Marzo;2018;19.269;213.731;233.000;3,89;221.739;1.960.624;2.182.363;36,41;0
Italia;Febrero;2018;16.899;181.734;198.633;3,31;222.501;1.973.673;2.196.174;36,64;0
Italia;Enero;2018;16.732;177.822;194.554;3,25;221.188;1.976.286;2.197.474;36,66;0
Italia;Diciembre;2017;24.868;121.100;145.968;2,44;218.735;1.970.497;2.189.232;36,53;0
Italia;Noviembre;2017;22.219;156.700;178.919;2,98;225.270;1.973.835;2.199.105;36,61;0
Italia;Octubre;2017;22.616;158.373;180.989;3,01;227.977;1.962.970;2.190.947;36,48;0
Italia;Septiembre;2017;17.736;167.460;185.196;3,08;226.261;1.951.229;2.177.490;36,25;0
Italia;Agosto;2017;10.666;83.634;94.300;1,57;226.973;1.937.386;2.164.359;36,03;0
Italia;Julio;2017;17.351;145.938;163.289;2,72;230.588;1.925.328;2.155.916;35,89;0
Italia;Junio;2017;18.739;188.361;207.100;3,45;233.335;1.916.343;2.149.678;35,79;0
Italia;Mayo;2017;19.178;204.803;223.981;3,73;231.186;1.893.190;2.124.376;35,37;0
Italia;Abril;2017;15.466;160.968;176.434;2,94;228.956;1.876.018;2.104.974;35,04;0
Italia;Marzo;2017;20.031;226.780;246.811;4,11;229.702;1.882.016;2.111.718;35,16;0
Italia;Febrero;2017;15.586;184.347;199.933;3,33;226.464;1.845.617;2.072.081;34,50;0
Italia;Enero;2017;14.279;172.033;186.312;3,10;225.308;1.833.511;2.058.819;34,28;0
Italia;Diciembre;2016;31.403;124.438;155.841;2,59;224.486;1.816.635;2.041.121;33,98;0
Italia;Noviembre;2016;24.926;145.835;170.761;2,84;208.615;1.801.592;2.010.207;33,41;0
Italia;Octubre;2016;20.900;146.632;167.532;2,78;198.118;1.789.778;1.987.896;33,04;0
Italia;Septiembre;2016;18.448;153.617;172.065;2,86;190.871;1.776.075;1.966.946;32,69;0
Italia;Agosto;2016;14.281;71.576;85.857;1,43;184.973;1.752.529;1.937.502;32,20;0
Italia;Julio;2016;20.098;136.953;157.051;2,61;177.362;1.740.156;1.917.518;31,87;0
Italia;Junio;2016;16.590;165.208;181.798;3,02;170.754;1.735.299;1.906.053;31,68;0
Italia;Mayo;2016;16.948;187.631;204.579;3,40;166.759;1.716.773;1.883.532;31,31;0
Italia;Abril;2016;16.212;166.966;183.178;3,04;162.133;1.675.724;1.837.857;30,55;0
Italia;Marzo;2016;16.793;190.381;207.174;3,44;157.774;1.657.565;1.815.339;30,17;0
Italia;Febrero;2016;14.430;172.241;186.671;3,10;153.630;1.628.487;1.782.117;29,62;0
Italia;Enero;2016;13.457;155.157;168.614;2,80;150.122;1.590.943;1.741.065;28,94;0
Italia;Diciembre;2015;15.532;109.395;124.927;2,08;147.587;1.567.171;1.714.758;28,50;0
Italia;Noviembre;2015;14.429;134.021;148.450;2,46;144.476;1.549.294;1.693.770;28,09;0
Italia;Octubre;2015;13.653;132.929;146.582;2,43;141.318;1.523.238;1.664.556;27,61;0
Italia;Septiembre;2015;12.550;130.071;142.621;2,37;140.081;1.512.045;1.652.126;27,40;0
Italia;Agosto;2015;6.670;59.203;65.873;1,09;139.514;1.492.410;1.631.924;27,07;0
Italia;Julio;2015;13.490;132.096;145.586;2,41;138.226;1.486.398;1.624.624;26,94;0
Italia;Junio;2015;12.595;146.682;159.277;2,64;136.564;1.468.645;1.605.209;26,62;0
Italia;Mayo;2015;12.322;146.582;158.904;2,64;134.981;1.449.452;1.584.433;26,28;0
Italia;Abril;2015;11.853;148.807;160.660;2,66;134.535;1.434.472;1.569.007;26,02;0
Italia;Marzo;2015;12.649;161.303;173.952;2,88;133.797;1.404.764;1.538.561;25,52;0
Italia;Febrero;2015;10.922;134.697;145.619;2,42;132.808;1.382.798;1.515.606;25,14;0
Italia;Enero;2015;10.922;131.385;142.307;2,36;132.066;1.366.429;1.498.495;24,85;0
Brasil;Diciembre;2023;60.776;187.783;248.559;1,17;587.289;1.721.400;2.308.689;10,91;1
Brasil;Noviembre;2023;51.931;160.718;212.649;1,01;579.245;1.697.808;2.277.053;10,80;1
Brasil;Octubre;2023;54.650;163.198;217.848;1,03;572.605;1.695.810;2.268.415;10,76;1
Brasil;Septiembre;2023;52.022;145.717;197.739;0,94;561.970;1.669.504;2.231.474;10,58;1
Brasil;Agosto;2023;54.243;153.500;207.743;0,99;560.760;1.666.953;2.227.713;10,56;1
Brasil;Julio;2023;48.825;176.769;225.594;1,07;560.371;1.668.206;2.228.577;10,57;1
Brasil;Junio;2023;47.491;142.037;189.528;0,90;558.109;1.626.868;2.184.977;10,36;1
Brasil;Mayo;2023;49.016;127.508;176.524;0,84;554.904;1.618.612;2.173.516;10,31;1
Brasil;Abril;2023;42.553;118.177;160.730;0,76;553.469;1.630.587;2.184.056;10,36;1
Brasil;Marzo;2023;52.730;146.244;198.974;0,94;548.451;1.622.117;2.170.568;10,29;1
Brasil;Febrero;2023;34.086;95.863;129.949;0,62;534.268;1.584.145;2.118.413;10,05;1
Brasil;Enero;2023;38.966;103.886;142.852;0,68;532.481;1.588.314;2.120.795;10,06;1
Brasil;Diciembre;2022;52.732;164.191;216.923;1,03;527.795;1.576.666;2.104.461;9,98;1
Brasil;Noviembre;2022;45.291;158.720;204.011;0,97;525.954;1.568.637;2.094.591;9,97;1
Brasil;Octubre;2022;44.015;136.892;180.907;0,86;527.525;1.536.019;2.063.544;9,82;1
Brasil;Septiembre;2022;50.812;143.166;193.978;0,92;526.531;1.518.455;2.044.986;9,73;1
Brasil;Agosto;2022;53.854;154.753;208.607;0,99;521.708;1.484.375;2.006.083;9,55;1
Brasil;Julio;2022;46.563;135.431;181.994;0,87;520.810;1.449.450;1.970.260;9,38;1
Brasil;Junio;2022;44.286;133.781;178.067;0,85;526.102;1.437.617;1.963.719;9,35;1
Brasil;Mayo;2022;47.581;139.483;187.064;0,89;530.937;1.437.168;1.968.105;9,37;1
Brasil;Abril;2022;37.535;109.707;147.242;0,70;529.333;1.440.386;1.969.719;9,37;1
Brasil;Marzo;2022;38.547;108.272;146.819;0,70;539.451;1.458.142;1.997.593;9,51;1
Brasil;Febrero;2022;32.299;100.032;132.331;0,63;548.341;1.491.822;2.040.163;9,71;1
Brasil;Enero;2022;34.280;92.238;126.518;0,60;555.322;1.519.901;2.075.223;9,88;1
Brasil;Diciembre;2021;50.891;156.162;207.053;0,99;561.384;1.558.467;2.119.851;10,09;1
Brasil;Noviembre;2021;46.862;126.102;172.964;0,83;559.779;1.596.986;2.156.765;10,31;1
Brasil;Octubre;2021;43.021;119.328;162.349;0,78;560.350;1.648.461;2.208.811;10,56;1
Brasil;Septiembre;2021;45.989;109.086;155.075;0,74;563.865;1.697.641;2.261.506;10,81;1
Brasil;Agosto;2021;52.956;119.828;172.784;0,83;564.472;1.749.669;2.314.141;11,06;1
Brasil;Julio;2021;51.855;123.598;175.453;0,84;552.854;1.771.898;2.324.752;11,11;1
Brasil;Junio;2021;49.121;133.332;182.453;0,87;540.530;1.783.256;2.323.786;11,11;1
Brasil;Mayo;2021;45.977;142.701;188.678;0,90;521.823;1.752.328;2.274.151;10,87;1
Brasil;Abril;2021;47.653;127.463;175.116;0,84;493.899;1.653.764;2.147.663;10,27;1
Brasil;Marzo;2021;47.437;141.952;189.389;0,91;462.480;1.565.802;2.028.282;9,70;1
Brasil;Febrero;2021;39.280;128.111;167.391;0,80;447.392;1.555.126;2.002.518;9,57;1
Brasil;Enero;2021;40.342;130.804;171.146;0,82;443.959;1.592.165;2.036.124;9,73;1
Brasil;Diciembre;2020;49.286;194.681;243.967;1,17;442.495;1.615.942;2.058.437;9,84;1
Brasil;Noviembre;2020;47.433;177.577;225.010;1,08;440.577;1.636.451;2.077.028;9,99;1
Brasil;Octubre;2020;46.536;168.508;215.044;1,03;438.684;1.655.644;2.094.328;10,07;1
Brasil;Septiembre;2020;46.596;161.114;207.710;1,00;440.977;1.691.668;2.132.645;10,26;1
Brasil;Agosto;2020;41.338;142.057;183.395;0,88;441.411;1.718.372;2.159.783;10,39;1
Brasil;Julio;2020;39.531;134.956;174.487;0,84;447.141;1.772.232;2.219.373;10,68;1
Brasil;Junio;2020;30.414;102.404;132.818;0,64;455.370;1.833.130;2.288.500;11,01;1
Brasil;Mayo;2020;18.053;44.137;62.190;0,30;466.857;1.912.023;2.378.880;11,44;1
Brasil;Abril;2020;16.234;39.501;55.735;0,27;495.468;2.066.662;2.562.130;12,32;1
Brasil;Marzo;2020;32.349;131.276;163.625;0,79;522.073;2.216.258;2.738.331;13,17;1
Brasil;Febrero;2020;35.847;165.150;200.997;0,97;528.402;2.255.469;2.783.871;13,39;1
Brasil;Enero;2020;38.878;154.581;193.459;0,93;528.658;2.252.857;2.781.515;13,38;1
Brasil;Diciembre;2019;47.368;215.190;262.558;1,26;525.781;2.262.069;2.787.850;13,41;1
Brasil;Noviembre;2019;45.540;196.770;242.310;1,17;524.181;2.235.642;2.759.823;13,36;1
Brasil;Octubre;2019;48.829;204.532;253.361;1,23;517.737;2.230.721;2.748.458;13,31;1
Brasil;Septiembre;2019;47.030;187.818;234.848;1,14;515.075;2.234.754;2.749.829;13,31;1
Brasil;Agosto;2019;47.068;195.917;242.985;1,18;508.492;2.219.828;2.728.320;13,21;1
Brasil;Julio;2019;47.760;195.854;243.614;1,18;506.299;2.227.659;2.733.958;13,24;1
Brasil;Junio;2019;41.901;181.297;223.198;1,08;500.192;2.207.661;2.707.853;13,11;1
Brasil;Mayo;2019;46.664;198.776;245.440;1,19;496.860;2.189.777;2.686.637;13,01;1
Brasil;Abril;2019;42.839;189.097;231.936;1,12;487.787;2.155.307;2.643.094;12,80;1
Brasil;Marzo;2019;38.678;170.487;209.165;1,01;483.583;2.144.915;2.628.498;12,73;1
Brasil;Febrero;2019;36.103;162.538;198.641;0,96;479.449;2.147.249;2.626.698;12,72;1
Brasil;Enero;2019;36.001;163.793;199.794;0,97;470.472;2.114.490;2.584.962;12,52;1
Brasil;Diciembre;2018;45.768;188.763;234.531;1,14;466.833;2.099.601;2.566.434;12,43;1
Brasil;Noviembre;2018;39.096;191.849;230.945;1,13;461.726;2.082.792;2.544.518;12,40;1
Brasil;Octubre;2018;46.167;208.565;254.732;1,24;457.947;2.059.831;2.517.778;12,27;1
Brasil;Septiembre;2018;40.447;172.892;213.339;1,04;447.815;2.018.088;2.465.903;12,02;1
Brasil;Agosto;2018;44.875;203.748;248.623;1,21;438.558;2.013.217;2.451.775;11,95;1
Brasil;Julio;2018;41.653;175.856;217.509;1,06;429.314;1.990.372;2.419.686;11,79;1
Brasil;Junio;2018;38.569;163.413;201.982;0,98;420.778;1.966.214;2.386.992;11,63;1
Brasil;Mayo;2018;37.591;164.306;201.897;0,98;415.987;1.963.977;2.379.964;11,60;1
Brasil;Abril;2018;38.635;178.705;217.340;1,06;410.661;1.962.968;2.373.629;11,57;1
Brasil;Marzo;2018;34.544;172.821;207.365;1,01;397.432;1.915.751;2.313.183;11,27;1
Brasil;Febrero;2018;27.126;129.779;156.905;0,76;395.103;1.899.864;2.294.967;11,18;1
Brasil;Enero;2018;32.362;148.904;181.266;0,88;392.075;1.881.652;2.273.727;11,08;1
Brasil;Diciembre;2017;40.661;171.954;212.615;1,04;386.668;1.853.012;2.239.680;10,91;1
Brasil;Noviembre;2017;35.317;168.888;204.205;1,00;382.025;1.849.369;2.231.394;10,95;1
Brasil;Octubre;2017;36.035;166.822;202.857;1,00;377.405;1.827.940;2.205.345;10,82;1
Brasil;Septiembre;2017;31.190;168.021;199.211;0,98;369.006;1.792.519;2.161.525;10,60;1
Brasil;Agosto;2017;35.631;180.903;216.534;1,06;368.089;1.754.186;2.122.275;10,41;1
Brasil;Julio;2017;33.117;151.698;184.815;0,91;368.485;1.721.146;2.089.631;10,25;1
Brasil;Junio;2017;33.778;161.176;194.954;0,96;371.162;1.715.062;2.086.224;10,23;1
Brasil;Mayo;2017;32.265;163.297;195.562;0,96;370.535;1.692.532;2.063.067;10,12;1
Brasil;Abril;2017;25.406;131.488;156.894;0,77;369.387;1.665.607;2.034.994;9,98;1
Brasil;Marzo;2017;32.215;156.934;189.149;0,93;375.716;1.665.323;2.041.039;10,01;1
Brasil;Febrero;2017;24.098;111.567;135.665;0,67;376.206;1.654.903;2.031.109;9,96;1
Brasil;Enero;2017;26.955;120.264;147.219;0,72;376.738;1.665.515;2.042.253;10,02;1
Brasil;Diciembre;2016;36.018;168.311;204.329;1,00;373.892;1.676.425;2.050.317;10,06;1
Brasil;Noviembre;2016;30.697;147.459;178.156;0,88;372.394;1.701.354;2.073.748;10,25;1
Brasil;Octubre;2016;27.636;131.401;159.037;0,79;370.874;1.719.894;2.090.768;10,33;1
Brasil;Septiembre;2016;30.273;129.688;159.961;0,79;373.780;1.750.097;2.123.877;10,49;1
Brasil;Agosto;2016;36.027;147.863;183.890;0,91;377.226;1.786.767;2.163.993;10,69;1
Brasil;Julio;2016;35.794;145.614;181.408;0,90;375.834;1.811.519;2.187.353;10,81;1
Brasil;Junio;2016;33.151;138.646;171.797;0,85;380.779;1.852.783;2.233.562;11,04;1
Brasil;Mayo;2016;31.117;136.372;167.489;0,83;384.880;1.889.409;2.274.289;11,24;1
Brasil;Abril;2016;31.735;131.204;162.939;0,81;390.788;1.928.708;2.319.496;11,46;1
Brasil;Marzo;2016;32.705;146.514;179.219;0,89;399.151;1.976.757;2.375.908;11,74;1
Brasil;Febrero;2016;24.630;122.179;146.809;0,73;411.174;2.020.146;2.431.320;12,01;1
Brasil;Enero;2016;24.109;131.174;155.283;0,77;422.600;2.047.855;2.470.455;12,21;1
Brasil;Diciembre;2015;34.520;193.240;227.760;1,13;446.020;2.122.955;2.568.975;12,69;1
Brasil;Noviembre;2015;29.177;165.999;195.176;0,97;508.573;2.202.670;2.711.243;13,50;1
Brasil;Octubre;2015;30.542;161.604;192.146;0,96;563.041;2.247.677;2.810.718;14,00;1
Brasil;Septiembre;2015;33.719;166.358;200.077;1,00;622.182;2.303.249;2.925.431;14,57;1
Brasil;Agosto;2015;34.635;172.615;207.250;1,03;674.472;2.347.176;3.021.648;15,05;1
Brasil;Julio;2015;40.739;186.878;227.617;1,13;718.562;2.368.328;3.086.890;15,37;1
Brasil;Junio;2015;37.252;175.272;212.524;1,06;763.949;2.390.092;3.154.041;15,71;1
Brasil;Mayo;2015;37.025;175.671;212.696;1,06;802.104;2.402.977;3.205.081;15,96;1
Brasil;Abril;2015;40.098;179.253;219.351;1,09;850.753;2.434.994;3.285.747;16,36;1
Brasil;Marzo;2015;44.728;189.903;234.631;1,17;892.670;2.466.966;3.359.636;16,73;1
Brasil;Febrero;2015;36.056;149.888;185.944;0,93;917.391;2.448.422;3.365.813;16,76;1
Brasil;Enero;2015;47.529;206.274;253.803;1,26;957.428;2.481.769;3.439.197;17,13;1
Grecia;Diciembre;2022;877;6.486;7.363;0,71;10.602;105.337;115.939;11,13;1
Grecia;Noviembre;2022;880;8.070;8.950;0,86;10.532;104.511;115.043;11,00;1
Grecia;Octubre;2022;947;7.791;8.738;0,84;10.569;103.609;114.178;10,92;1
Grecia;Septiembre;2022;784;8.606;9.390;0,90;10.595;102.227;112.822;10,79;1
Grecia;Agosto;2022;1.128;8.658;9.786;0,94;10.861;100.233;111.094;10,62;1
Grecia;Julio;2022;862;10.874;11.736;1,12;10.774;97.773;108.547;10,38;1
Grecia;Junio;2022;1.114;11.091;12.205;1,17;10.946;97.485;108.431;10,37;1
Grecia;Mayo;2022;873;11.991;12.864;1,23;10.816;100.269;111.085;10,62;1
Grecia;Abril;2022;920;9.289;10.209;0,98;10.923;99.128;110.051;10,52;1
Grecia;Marzo;2022;858;8.410;9.268;0,89;11.043;100.037;111.080;10,62;1
Grecia;Febrero;2022;820;8.550;9.370;0,90;11.323;100.611;111.934;10,70;1
Grecia;Enero;2022;539;5.521;6.060;0,58;11.231;98.750;109.981;10,51;1
Grecia;Diciembre;2022;877;6.486;7.363;0,71;10.602;105.337;115.939;11,13;1
Grecia;Noviembre;2022;880;8.070;8.950;0,86;10.532;104.511;115.043;11,00;1
Grecia;Octubre;2022;947;7.791;8.738;0,84;10.569;103.609;114.178;10,92;1
Grecia;Septiembre;2022;784;8.606;9.390;0,90;10.595;102.227;112.822;10,79;1
Grecia;Agosto;2022;1.128;8.658;9.786;0,94;10.861;100.233;111.094;10,62;1
Grecia;Julio;2022;862;10.874;11.736;1,12;10.774;97.773;108.547;10,38;1
Grecia;Junio;2022;1.114;11.091;12.205;1,17;10.946;97.485;108.431;10,37;1
Grecia;Mayo;2022;873;11.991;12.864;1,23;10.816;100.269;111.085;10,62;1
Grecia;Abril;2022;920;9.289;10.209;0,98;10.923;99.128;110.051;10,52;1
Grecia;Marzo;2022;858;8.410;9.268;0,89;11.043;100.037;111.080;10,62;1
Grecia;Febrero;2022;820;8.550;9.370;0,90;11.323;100.611;111.934;10,70;1
Grecia;Enero;2022;539;5.521;6.060;0,58;11.231;98.750;109.981;10,51;1
Grecia;Diciembre;2021;807;5.660;6.467;0,62;11.457;100.995;112.452;10,75;1
Grecia;Noviembre;2021;917;7.168;8.085;0,76;11.302;101.778;113.080;10,59;1
Grecia;Octubre;2021;973;6.409;7.382;0,69;11.184;102.251;113.435;10,62;1
Grecia;Septiembre;2021;1.050;6.612;7.662;0,72;10.844;102.618;113.462;10,63;1
Grecia;Agosto;2021;1.041;6.198;7.239;0,68;10.450;103.113;113.563;10,63;1
Grecia;Julio;2021;1.034;10.586;11.620;1,09;9.934;103.768;113.702;10,65;1
Grecia;Junio;2021;984;13.875;14.859;1,39;9.692;102.698;112.390;10,52;1
Grecia;Mayo;2021;980;10.850;11.830;1,11;9.513;97.072;106.585;9,98;1
Grecia;Abril;2021;1.040;10.198;11.238;1,05;9.060;90.719;99.779;9,34;1
Grecia;Marzo;2021;1.138;8.984;10.122;0,95;8.471;82.955;91.426;8,56;1
Grecia;Febrero;2021;728;6.689;7.417;0,69;7.765;77.714;85.479;8,00;1
Grecia;Enero;2021;765;7.766;8.531;0,80;7.726;78.887;86.613;8,11;1
Grecia;Diciembre;2020;652;6.443;7.095;0,66;7.701;80.906;88.607;8,30;1
Grecia;Noviembre;2020;799;7.641;8.440;0,79;7.773;81.061;88.834;8,29;1
Grecia;Octubre;2020;633;6.776;7.409;0,69;7.751;80.884;88.635;8,27;1
Grecia;Septiembre;2020;656;7.107;7.763;0,72;7.794;81.384;89.178;8,32;1
Grecia;Agosto;2020;525;6.853;7.378;0,69;7.667;;;;1
Grecia;Julio;2020;792;9.516;10.308;0,96;7.957;73.323;80.465;7,51;1
Grecia;Junio;2020;805;8.249;9.054;0,84;7.902;73.401;80.488;7,51;1
Grecia;Mayo;2020;527;4.497;5.024;0,47;7.957;78.285;85.427;7,97;1
Grecia;Abril;2020;451;2.434;2.885;0,27;8.237;87.620;95.042;8,87;1
Grecia;Marzo;2020;432;3.743;4.175;0,39;8.488;97.489;105.162;9,81;1
Grecia;Febrero;2020;689;7.862;8.551;0,80;8.757;103.264;111.206;10,38;1
Grecia;Enero;2020;740;9.785;10.525;0,98;8.753;102.963;110.901;10,35;1
Grecia;Diciembre;2019;724;6.598;7.322;0,68;8.764;102.388;110.337;10,29;1
Grecia;Noviembre;2019;777;7.464;8.241;0,77;8.673;101.127;108.985;10,16;1
Grecia;Octubre;2019;676;7.276;7.952;0,74;8.559;100.556;108.300;10,10;1
Grecia;Septiembre;2019;529;5.899;6.428;0,60;8.533;100.405;108.123;10,08;1
Grecia;Agosto;2019;815;;;;8.512;;;;1
Grecia;Julio;2019;737;9.594;10.331;0,96;8.188;107.146;115.334;10,75;1
Grecia;Junio;2019;860;13.133;13.993;1,30;8.138;106.676;114.814;10,71;1
Grecia;Mayo;2019;807;13.832;14.639;1,36;7.886;106.114;114.000;10,63;1
Grecia;Abril;2019;702;12.303;13.005;1,21;7.779;104.749;112.528;10,49;1
Grecia;Marzo;2019;701;9.518;10.219;0,95;7.661;102.944;110.605;10,31;1
Grecia;Febrero;2019;685;7.561;8.246;0,77;7.678;104.484;112.162;10,46;1
Grecia;Enero;2019;751;9.210;9.961;0,93;7.583;103.761;111.344;10,38;1
Grecia;Diciembre;2018;633;5.337;5.970;0,56;7.519;103.436;110.955;10,35;1
Grecia;Noviembre;2018;663;6.893;7.556;0,70;7.383;103.527;110.910;10,33;1
Grecia;Octubre;2018;650;7.125;7.775;0,72;7.292;103.157;110.449;10,28;1
Grecia;Septiembre;2018;508;4.922;5.430;0,51;7.229;102.338;109.567;10,20;1
Grecia;Agosto;2018;491;7.718;8.209;0,76;7.284;103.363;110.647;10,30;1
Grecia;Julio;2018;687;9.124;9.811;0,91;7.307;100.779;108.086;10,06;1
Grecia;Junio;2018;608;12.571;13.179;1,23;7.260;100.076;107.336;9,99;1
Grecia;Mayo;2018;700;12.467;13.167;1,23;7.336;97.646;104.982;9,77;1
Grecia;Abril;2018;584;10.498;11.082;1,03;7.440;95.845;103.285;9,62;1
Grecia;Marzo;2018;718;11.058;11.776;1,10;7.337;93.799;101.136;9,42;1
Grecia;Febrero;2018;590;6.838;7.428;0,69;7.188;92.186;99.374;9,25;1
Grecia;Enero;2018;687;8.885;9.572;0,89;7.172;90.540;97.712;9,10;1
Grecia;Diciembre;2017;497;5.428;5.925;0,55;7.183;88.115;95.298;8,87;1
Grecia;Noviembre;2017;572;6.523;7.095;0,66;7.124;87.452;94.576;8,78;1
Grecia;Octubre;2017;587;6.306;6.893;0,64;7.113;86.826;93.939;8,72;1
Grecia;Septiembre;2017;563;5.947;6.510;0,60;7.028;85.515;92.543;8,59;1
Grecia;Agosto;2017;514;5.134;5.648;0,52;6.886;84.163;91.049;8,46;1
Grecia;Julio;2017;640;8.421;9.061;0,84;6.841;83.203;90.044;8,36;1
Grecia;Junio;2017;684;10.141;10.825;1,01;6.751;81.816;88.567;8,22;1
Grecia;Mayo;2017;804;10.666;11.470;1,07;6.794;80.538;87.332;8,11;1
Grecia;Abril;2017;481;8.452;8.933;0,83;6.615;83.361;89.976;8,36;1
Grecia;Marzo;2017;569;9.445;10.014;0,93;6.731;84.644;91.375;8,49;1
Grecia;Febrero;2017;574;5.192;5.766;0,54;6.546;81.515;88.061;8,18;1
Grecia;Enero;2017;698;6.460;7.158;0,66;6.262;79.633;85.895;7,98;1
Grecia;Diciembre;2016;438;4.765;5.203;0,48;6.134;78.873;85.007;7,89;1
Grecia;Noviembre;2016;561;5.897;6.458;0,60;6.335;80.924;87.259;8,09;1
Grecia;Octubre;2016;502;4.995;5.497;0,51;6.267;80.886;87.153;8,08;1
Grecia;Septiembre;2016;421;4.595;5.016;0,47;6.301;80.837;87.138;8,08;1
Grecia;Agosto;2016;469;4.174;4.643;0,43;6.310;81.367;87.677;8,13;1
Grecia;Julio;2016;550;7.034;7.584;0,70;6.150;81.663;87.813;8,14;1
Grecia;Junio;2016;727;8.863;9.590;0,89;5.913;80.076;85.989;7,97;1
Grecia;Mayo;2016;625;13.489;14.114;1,31;5.599;80.212;85.811;7,96;1
Grecia;Abril;2016;597;9.735;10.332;0,96;5.439;75.793;81.232;7,53;1
Grecia;Marzo;2016;384;6.316;6.700;0,62;5.451;73.859;79.310;7,35;1
Grecia;Febrero;2016;290;3.310;3.600;0,33;5.616;74.072;79.688;7,39;1
Grecia;Enero;2016;570;5.700;6.270;0,58;6.119;75.656;81.775;7,58;1
Grecia;Diciembre;2015;639;6.816;7.455;0,69;6.239;75.804;82.043;7,61;1
Grecia;Noviembre;2015;493;5.859;6.352;0,59;6.314;75.375;81.689;7,52;1
Grecia;Octubre;2015;536;4.946;5.482;0,50;6.172;74.499;80.671;7,43;1
Grecia;Septiembre;2015;430;5.125;5.555;0,51;6.195;75.556;81.751;7,53;1
Grecia;Agosto;2015;309;4.470;4.779;0,44;6.102;75.486;81.588;7,51;1
Grecia;Julio;2015;313;5.447;5.760;0,53;6.175;74.709;80.884;7,45;1
Grecia;Junio;2015;413;8.999;9.412;0,87;6.379;76.889;83.268;7,67;1
Grecia;Mayo;2015;465;9.070;9.535;0,88;6.441;75.854;82.295;7,58;1
Grecia;Abril;2015;609;7.801;8.410;0,77;6.456;74.243;80.699;7,43;1
Grecia;Marzo;2015;549;6.529;7.078;0,65;6.256;71.886;78.142;7,20;1
Grecia;Febrero;2015;793;4.894;5.687;0,52;6.063;71.223;77.286;7,12;1
Grecia;Enero;2015;690;5.848;6.538;0,60;5.652;70.685;76.337;7,03;1
Irlanda;Diciembre;2022;413;209;622;0,12;26.132;105.364;131.496;24,95;0
Irlanda;Noviembre;2022;990;982;1.972;0,38;26.086;105.261;131.347;25,48;0
Irlanda;Octubre;2022;1.632;2.622;4.254;0,83;26.053;105.401;131.454;25,50;0
Irlanda;Septiembre;2022;1.946;6.328;8.274;1,61;25.902;105.459;131.361;25,49;0
Irlanda;Agosto;2022;2.372;8.139;10.511;2,04;25.877;103.542;129.419;25,11;0
Irlanda;Julio;2022;4.350;21.849;26.199;5,08;26.697;101.410;128.107;24,85;0
Irlanda;Junio;2022;742;2.153;2.895;0,56;27.476;105.994;133.470;25,89;0
Irlanda;Mayo;2022;1.669;5.286;6.955;1,35;27.824;106.605;134.429;26,08;0
Irlanda;Abril;2022;1.827;7.863;9.690;1,88;28.669;107.240;135.909;26,37;0
Irlanda;Marzo;2022;2.273;12.904;15.177;2,94;29.554;106.541;136.095;26,40;0
Irlanda;Febrero;2022;2.536;11.986;14.522;2,82;30.619;102.867;133.486;25,90;0
Irlanda;Enero;2022;5.382;25.043;30.425;5,90;31.613;104.666;136.279;26,44;0
Irlanda;Diciembre;2022;413;209;622;0,12;26.132;105.364;131.496;24,95;0
Irlanda;Noviembre;2022;990;982;1.972;0,38;26.086;105.261;131.347;25,48;0
Irlanda;Octubre;2022;1.632;2.622;4.254;0,83;26.053;105.401;131.454;25,50;0
Irlanda;Septiembre;2022;1.946;6.328;8.274;1,61;25.902;105.459;131.361;25,49;0
Irlanda;Agosto;2022;2.372;8.139;10.511;2,04;25.877;103.542;129.419;25,11;0
Irlanda;Julio;2022;4.350;21.849;26.199;5,08;26.697;101.410;128.107;24,85;0
Irlanda;Junio;2022;742;2.153;2.895;0,56;27.476;105.994;133.470;25,89;0
Irlanda;Mayo;2022;1.669;5.286;6.955;1,35;27.824;106.605;134.429;26,08;0
Irlanda;Abril;2022;1.827;7.863;9.690;1,88;28.669;107.240;135.909;26,37;0
Irlanda;Marzo;2022;2.273;12.904;15.177;2,94;29.554;106.541;136.095;26,40;0
Irlanda;Febrero;2022;2.536;11.986;14.522;2,82;30.619;102.867;133.486;25,90;0
Irlanda;Enero;2022;5.382;25.043;30.425;5,90;31.613;104.666;136.279;26,44;0
Irlanda;Diciembre;2021;367;106;473;0,09;31.595;104.780;136.375;26,46;0
Irlanda;Noviembre;2021;957;1.122;2.079;0,41;31.558;105.275;136.833;27,01;0
Irlanda;Octubre;2021;1.481;2.680;4.161;0,82;31.512;105.066;136.578;26,95;0
Irlanda;Septiembre;2021;1.921;4.411;6.332;1,25;31.838;104.683;136.521;26,94;0
Irlanda;Agosto;2021;3.192;6.007;9.199;1,82;32.315;105.941;138.256;27,29;0
Irlanda;Julio;2021;5.129;26.433;31.562;6,23;30.986;104.793;135.779;26,80;0
Irlanda;Junio;2021;1.090;2.764;3.854;0,76;30.552;99.545;130.097;25,68;0
Irlanda;Mayo;2021;2.514;5.921;8.435;1,66;30.131;97.790;127.921;25,25;0
Irlanda;Abril;2021;2.712;7.164;9.876;1,95;28.214;93.615;121.829;24,04;0
Irlanda;Marzo;2021;3.338;9.230;12.568;2,48;25.829;86.795;112.624;22,23;0
Irlanda;Febrero;2021;3.530;13.785;17.315;3,42;24.247;83.717;107.964;21,31;0
Irlanda;Enero;2021;5.364;25.157;30.521;6,02;23.307;83.816;107.123;21,14;0
Irlanda;Diciembre;2020;330;601;931;0,18;23.981;89.865;113.846;22,47;0
Irlanda;Noviembre;2020;911;913;1.824;0,36;23.875;89.488;113.363;22,62;0
Irlanda;Octubre;2020;1.807;2.297;4.104;0,82;23.944;89.334;113.278;22,60;0
Irlanda;Septiembre;2020;2.398;5.669;8.067;1,61;23.341;89.217;112.558;22,46;0
Irlanda;Agosto;2020;1.863;4.859;6.722;1,34;22.433;;;;0
Irlanda;Julio;2020;4.695;21.185;25.880;5,16;22.616;82.108;102.678;20,48;0
Irlanda;Junio;2020;669;1.009;1.678;0,33;22.868;66.044;86.866;17,33;0
Irlanda;Mayo;2020;597;1.746;2.343;0,47;23.266;66.441;87.661;17,49;0
Irlanda;Abril;2020;327;344;671;0,13;24.694;71.019;93.667;18,69;0
Irlanda;Marzo;2020;1.756;6.152;7.908;1,58;26.483;79.588;104.025;20,75;0
Irlanda;Febrero;2020;2.590;13.884;16.474;3,29;28.137;90.139;116.230;23,19;0
Irlanda;Enero;2020;6.038;31.206;37.244;7,43;28.293;91.355;117.602;23,46;0
Irlanda;Diciembre;2019;224;224;448;0,09;28.257;92.492;118.703;23,68;0
Irlanda;Noviembre;2019;980;759;1.739;0,35;28.308;92.410;118.672;24,02;0
Irlanda;Octubre;2019;1.204;2.180;3.384;0,68;27.979;92.294;118.227;23,93;0
Irlanda;Septiembre;2019;1.490;3.419;4.909;0,99;27.893;91.814;117.661;23,82;0
Irlanda;Agosto;2019;2.046;;;;27.872;;;;0
Irlanda;Julio;2019;4.947;5.121;10.068;2,04;27.445;97.507;124.952;25,29;0
Irlanda;Junio;2019;1.067;1.406;2.473;0,50;27.218;119.274;146.492;29,65;0
Irlanda;Mayo;2019;2.025;6.324;8.349;1,69;27.026;119.119;146.145;29,58;0
Irlanda;Abril;2019;2.116;8.913;11.029;2,23;26.869;118.865;145.734;29,50;0
Irlanda;Marzo;2019;3.410;16.703;20.113;4,07;26.781;118.029;144.810;29,31;0
Irlanda;Febrero;2019;2.746;15.100;17.846;3,61;26.776;119.090;145.866;29,53;0
Irlanda;Enero;2019;6.002;32.343;38.345;7,76;26.909;121.059;147.968;29,95;0
Irlanda;Diciembre;2018;275;142;417;0,08;28.037;125.791;153.828;31,14;0
Irlanda;Noviembre;2018;651;643;1.294;0,27;28.134;125.809;153.943;31,70;0
Irlanda;Octubre;2018;1.118;1.700;2.818;0,58;28.191;125.850;154.041;31,72;0
Irlanda;Septiembre;2018;1.469;3.187;4.656;0,96;28.059;126.096;154.155;31,75;0
Irlanda;Agosto;2018;1.619;5.925;7.544;1,55;28.185;126.807;154.992;31,92;0
Irlanda;Julio;2018;4.720;26.888;31.608;6,51;28.146;126.615;154.761;31,87;0
Irlanda;Junio;2018;875;1.251;2.126;0,44;27.672;127.437;155.109;31,94;0
Irlanda;Mayo;2018;1.868;6.070;7.938;1,63;27.564;127.587;155.151;31,95;0
Irlanda;Abril;2018;2.028;8.077;10.105;2,08;27.394;127.510;154.904;31,90;0
Irlanda;Marzo;2018;3.405;17.764;21.169;4,36;27.286;127.276;154.562;31,83;0
Irlanda;Febrero;2018;2.879;17.069;19.948;4,11;27.267;129.405;156.672;32,27;0
Irlanda;Enero;2018;7.130;37.075;44.205;9,10;27.144;129.426;156.570;32,24;0
Irlanda;Diciembre;2017;372;160;532;0,11;26.797;131.356;158.153;32,57;0
Irlanda;Noviembre;2017;708;684;1.392;0,29;26.702;131.626;158.328;32,99;0
Irlanda;Octubre;2017;986;1.946;2.932;0,61;26.729;131.689;158.418;33,01;0
Irlanda;Septiembre;2017;1.595;3.898;5.493;1,14;27.049;131.984;159.033;33,14;0
Irlanda;Agosto;2017;1.580;5.733;7.313;1,52;27.296;132.775;160.071;33,35;0
Irlanda;Julio;2017;4.246;27.710;31.956;6,66;27.776;134.344;162.120;33,78;0
Irlanda;Junio;2017;767;1.401;2.168;0,45;28.256;136.527;164.783;34,34;0
Irlanda;Mayo;2017;1.698;5.993;7.691;1,60;28.463;136.751;165.214;34,43;0
Irlanda;Abril;2017;1.920;7.843;9.763;2,03;28.905;137.262;166.167;34,62;0
Irlanda;Marzo;2017;3.386;19.893;23.279;4,85;29.604;139.827;169.431;35,30;0
Irlanda;Febrero;2017;2.756;17.090;19.846;4,14;29.963;141.466;171.429;35,72;0
Irlanda;Enero;2017;6.783;39.005;45.788;9,54;30.937;145.952;176.889;36,86;0
Irlanda;Diciembre;2016;277;430;707;0,15;30.342;146.759;177.101;36,90;0
Irlanda;Noviembre;2016;735;747;1.482;0,31;30.349;146.671;177.020;37,45;0
Irlanda;Octubre;2016;1.306;2.241;3.547;0,75;30.316;146.872;177.188;37,49;0
Irlanda;Septiembre;2016;1.842;4.689;6.531;1,38;30.368;147.193;177.561;37,57;0
Irlanda;Agosto;2016;2.060;7.302;9.362;1,98;30.290;147.279;177.569;37,57;0
Irlanda;Julio;2016;4.726;29.893;34.619;7,32;30.037;146.385;176.422;37,33;0
Irlanda;Junio;2016;974;1.625;2.599;0,55;29.366;144.085;173.451;36,70;0
Irlanda;Mayo;2016;2.140;6.504;8.644;1,83;29.349;143.908;173.257;36,66;0
Irlanda;Abril;2016;2.619;10.408;13.027;2,76;29.137;144.324;173.461;36,70;0
Irlanda;Marzo;2016;3.745;21.532;25.277;5,35;28.829;143.377;172.206;36,44;0
Irlanda;Febrero;2016;3.730;21.576;25.306;5,35;28.175;140.848;169.023;35,76;0
Irlanda;Enero;2016;6.188;39.812;46.000;9,73;26.967;135.075;162.042;34,29;0
Irlanda;Diciembre;2015;284;342;626;0,13;25.821;125.161;150.982;31,95;0
Irlanda;Noviembre;2015;702;948;1.650;0,35;25.695;125.169;150.864;32,25;0
Irlanda;Octubre;2015;1.358;2.562;3.920;0,84;25.636;125.003;150.639;32,20;0
Irlanda;Septiembre;2015;1.764;4.775;6.539;1,40;25.869;124.477;150.346;32,14;0
Irlanda;Agosto;2015;1.807;6.408;8.215;1,76;25.612;123.613;149.225;31,90;0
Irlanda;Julio;2015;4.055;27.593;31.648;6,77;25.191;122.074;147.265;31,48;0
Irlanda;Junio;2015;957;1.448;2.405;0,51;23.865;113.204;137.069;29,30;0
Irlanda;Mayo;2015;1.928;6.920;8.848;1,89;23.516;113.446;136.962;29,28;0
Irlanda;Abril;2015;2.311;9.461;11.772;2,52;23.008;112.817;135.825;29,04;0
Irlanda;Marzo;2015;3.091;19.003;22.094;4,72;22.200;111.233;133.433;28,53;0
Irlanda;Febrero;2015;2.522;15.803;18.325;3,92;21.185;106.588;127.773;27,32;0
Irlanda;Enero;2015;5.042;29.898;34.940;7,47;20.532;103.538;124.070;26,52;0
